"ricardo.ch","ricardo.ch"
"Dashboard","Dashboard"
"Products Listing","Produktübersicht"
"Logs","Logs"
"ricardo.ch Assistant","ricardo.ch Assistent"
"Configuration","Konfiguration"
"Ricento by Diglin GmbH","Ricento von der Diglin GmbH"
"Log","Log"
"ricardo.ch Payment Methods","ricardo.ch Zahlarten"
"ricardo.ch Shipping","ricardo.ch Versandarten"
"Admin Email Notification","Admin Email Benachrichtigung"
"Private message","Private Nachricht"
"Global Configuration","Globale Konfiguration"
"Merge Order","Bestellungen zusammenfassen"
"If a customer order several products in a period of 30 minutes, do you want to merge the ricardo transaction in one order?","Wenn ein Kunde mehrere Produkte innerhalb von 30 Minuten bestellt, möchten Sie, dass die Bestellungen zusammengefasst werden?"
"Shipping Calculation","Versandkosten-Kalkulation"
"You can decide how do you want to calculate the shipping cost when an order merge several bought products by a customer.<br>","Sie können entscheiden, wie die Versandkosten berechnet werden, wenn eine Bestellung zusammengefasst wurde.<br>"
"                            ""Highest Price"": it will find which product has the highest cost for the shipping and will take only this one for the calculation.<br>","""Höchster Preis"": Diese Methode findet das Produkt mit den höchsten Versandkosten und nutzt diesen Versandkosten für die Gesamtsumme.<br>"
"                            ""Cumulative"": it will calculate the shipping cost based on the configuration you did in the products listing for each article and will combine them.","""Kumulativ"": diese Methode addiert die Versandkosten der einzelnen Produkte"
"Send Account Creation Confirmation Email","Sende Willkommensbestätigung per Mail"
"Do you want to send a confirmation email to a customer when his account is created thanks to the ricardo.ch API?","Möchten Sie eine Bestätigungsmail (via ricardo.ch API) senden, wenn ein Kunde ein Konto erstellt hat?"
"Send Email for new order","Sende Email beim Eingang einer neuen Bestellung"
"Do you want to send the newly order created by email to a customer when the order is created thanks to the ricardo.ch API?","Do you want to send the newly order created by email to a customer when the order is created thanks to the ricardo.ch API?","Möchten Sie eine Bestätigungsmail (via ricardo.ch API) senden, wenn ein Kunde ein Konto erstellt hat?"
"API Token Configuration","API Token Konfiguration"
"General API Config","Allgemeine API Konfiguration"
"ricardo.ch Extension enabled","ricardo.ch Extension aktiviert"
"Development Mode","Entwicklermodus"
"If you enable this configuration, all API requests will be send to the ricardo.ch Sandbox instead to use the production servers. Be aware, you have to provide others partner Keys and Passwords specific for dev environment below.","Wenn Sie diese Funktion aktivieren, werden alle API-Anfragen an die ricardo.ch BETA Umgebubg verschickt. Stellen Sie sicher, dass Sie die dafür passenden API-Keys und Passwörter eingetragen haben."
"Debug","Debug"
"Write into the var/log/ricento.log file all requests sent to the ricardo.ch API. Enable it to help us to support you and send this file to us if you have an issue. Your passwords will be anonymized. Attention: the file size can grow quite fast.","In diesem Modus werden alle Anfragen an die ricardo.ch-API in die Datei var/log/ricento.log geschrieben. Aktivieren Sie diesen Modus, wenn Sie Probleme haben und schicken Sie uns diese Datei zu. Damit können wir Ihnen helfen. Die Passwörter werden anonymisiert. Achtung: Das Log Datei Größe kann schnell wachsen."
"German API Token","Deutscher API Token"
"PROD German Partner Key","PROD Deutscher Partner Schlüssel"
"Partner Key has the following format '0F12345-1234-1234-1234-1234567890'. You have to sign up to the ricardo.ch API to get this information. Click on the button at the top of this page","Der Partner Schlüssel hat das folgende Format: '0F12345-1234-1234-1234-1234567890'. Sie müssen sich für die ricardo.ch API anmelden, um diesen Schlüssel zu bekommen. Klicken Sie dazu auf den Button oben auf der Seite."
"PROD German Partner Password","PROD Deutsches Partner Passwort"
"You have to sign up to the ricardo.ch API to get this information. Click on the button at the top of this page","Sie müssen sich für die ricardo.ch API anmelden, um diesen Schlüssel zu bekommen. Klicken Sie dazu auf den Button oben auf der Seite."
"DEV German Partner Key","Entwicklermodus deutscher Partner Schlüssel"
"DEV German Partner Password","Entwicklermodus deutsches Partner Passwort"
"French API Token","Französischer API Token"
"PROD French Partner Key","PROD Französischer Partner Schlüssel"
"PROD French Partner Password","PROD Französischer Partner Passwort"
"DEV French Partner Key","Entwicklermodus französischer Partner Schlüssel"
"DEV French Partner Password","Entwicklermodus französischer Partner Passwort"
"Cleanup Synchronization Jobs Log","Leere Log für Synchronisation-Jobs"
"Enabled","Aktiviert"
"Keep for X days","Halte für x Tage vor"
"Cleanup Listings Log","Leere Log für Produktlisten"
"ricardo.ch API Payment Methods","ricardo.ch API Zahlungsarten"
"Bank Transfer Instructions","Instruktionen Bank-Überweisung"
"Accepted Currency","Akzeptierte Währung"
"Stock quantity set to 1 because auction sales type with direct buy option does not allow more than one article to be sold","Lagerbestand auf 1 gesetzt, da die Zahlart ""Direkt Kaufen"" nicht mehr als einen Artikel erlaubt."
"Invalid start date.","Ungültiges Startdatum"
"The end date must be in the future.","Das Enddatum muss in der Zukunft liegen."
"Listed listings cannot be modified. Stop the listing first to make changes.","Aktive Listungen können nicht verändert werden. Beenden Sie die Listung, um Änderungen vornehmen zu können."
"An error occurred while saving the configuration.","Ein Fehler trat beim Speichern der Konfiguration auf."
"ricardo.ch Service Model doesn\'t exists.","ricardo.ch Service Model existiert nicht."
"ricardo.ch API Credentials are not configured. Please, configure the extension before to proceed.","ricardo.ch API Daten sind nicht vorhanden. Bitte tragen Sie zunächst die Daten ein."
"API language provided for the Service Manager is not supported.","API Sprache für den Service Manager wird nicht unterstützt."
"Error while trying to connect to the ricardo.ch API. Please, check your log files.","Fehler beim Verbinden mit der ricardo.ch API. Bitte checken Sie Ihre Log Dateien, um eine genauere Fehlerbeschreibung zu erhalten."
"The format of the token is invalid","Das Format des Tokens ist ungültig."
"The dispatcher of type '%s' is not found at %s.","The dispatcher of type '%s' is not found at %s."
"Dispatcher Class %s doesn't implements Diglin_Ricento_Model_Dispatcher_Abstract.","Dispatcher Class %s doesn't implements Diglin_Ricento_Model_Dispatcher_Abstract."
"The product has been sold","Das Produkt wurde verkauft."
"Customer creation failed! ricardo.ch transaction cannot be added.","Kunde konnte nicht angelegt werden. ricardo.ch Bestellung konnte nicht übertragen werden."
"Order automatically generated by the ricardo.ch Extension.","Bestellung(en) wurde(n) automatisch durch das ricardo.ch Modul erstellt."
"Payment is pending","Bezahlung ausstehend"
"Payment has been completed on ricardo.ch side","Bezahlung wurde bei ricardo.ch durchgeführt."
"Order canceled on ricardo.ch side","Bezahlung wurd bei ricardo.ch storniert."
"Country Code is not available. Please contact the author of this extension or support.","Ländercode ist nicht verfügbar. Bitte kontaktieren Sie den Autor dieses Moduls für Support."
"Report: %d success, %d warning(s), %d error(s)","Report: %d erfolgreich, %d Warnung(en), %d Fehler"
"Successful products checked are going to be listed. To force to list products having a warning, please <a href=""%s"">click here</a>. Products with an error won\'t be synchronized, you have to fix the problem first.","Erfolgreich geprüfte Produkte werden gelistet. Um Produkte mit Warnungen zu listen, klick Sie bitte <a href=""%s"">hier</a>. Produkte mit Fehlern werden nicht übertragen, Sie müssen die Fehler zuerst beheben."
"The product is now live on ricardo.ch","Das Produkt ist nun live auf ricardo.ch."
"Sorry, the product has not been sold","Sorry, das Produkt wurde nicht verkauft."
"This item is already listed or has already a ricardo article Id. No insert done to ricardo.ch","Der Artikel ist bereits gelistet oder hat bereits eine Artikelnummer bei ricardo.ch."
"The product has been removed from ricardo.ch","Das Produkt wurde bei ricardo.ch entfernt."
"The product has not been removed from ricardo.ch. Probably because someone bid the product or bought it.","Das Produkt wurde nicht bei ricardo.ch entfernt. Wahrscheinlich weil jemand für das Produkt geboten oder es gekauft hat."
"Report: %d success, %d error(s)","Report: %d erfolgreich, %d Fehler"
"errors","Fehler"
"warnings","Warnungen"
"success","Erfolgreich"
"The Job has finished with %s for the products listing <a href=""%s"" target=""_blank"">""%s""</a>. Please, view the <a href=""%s"">log</a> for details.","Der Job wurd mit %s für das Produktlisting <a href=""%s"" target=""_blank"">""%d""</a> beendet. Bitte schauen Sie in den <a href=""%s"">Log</a> für Details."
"No item is ready for this job. No action has been done.","Das Produkt ist bereit für den Job. Es wurde keine Aktion durchgeführt."
"Error Code: %d","Fehlercode: %d"
"Notice","Hinweis"
"Success","Erfolgreich"
"Error","Fehler"
"Warning","Warnung"
"Product item checks","Produkte geprüft"
"List product item to ricardo.ch","Übertrage Produkt zu ricardo.ch"
"Stop product item to ricardo.ch","Stoppe Produkt bei ricardo.ch"
"Default Values","Standardwerte"
"No package","Kein Paket"
"-- Select Product Attribute --","-- Wähle Produkt Attribut --"
"-- Select Method --","-- Wähle Methode --"
"No change","Keine Änderung"
"Relative increase (+ %)","Relative Erhöhung (+ %)"
"Relative decrease (- %)","Relativer Rückgang (- %)"
"Absolute increase (+)","Absolute Erhöhung (+)"
"Absolute decrease (-)","Absoluter Rückgang (-)"
"None","Keine"
"ricardo.ch Condition","ricardo.ch Konditionen"
"-- Please Select --","-- Bitte wählen --"
"Auction","Auktion"
"Buy now","Sofort-Kaufen"
"Highest Price","Höchster Preis"
"Cumulative","Kumulativ"
"Pending","Verarbeitung"
"Running","Laufend"
"Ready","Fertig"
"Completed","Komplett"
"Products Check Job","Produkt-Check Job"
"List Job","List Job"
"Stop List Job","Stop Einstellen Job"
"Sync Order Job","Sync Bestellung Job"
"Relist Job","Reaktivierung Job"
"Update Job","Update Job"
"Sync List Job","Sync Einstellen Job"
"-- Please select --","-- Bitte wählen --"
"All languages","Alle Sprachen"
"Listed","Eingestellt"
"Stopped","Beendet"
"Ready to list","Bereit zum Einstellen"
"Check in progress...","Prüfung läuft..."
"List in progress...","Einstellen läuft..."
"Job in progress...","Job läuft..."
"Product Title will be cut after %s characters when published on ricardo.ch for store ""%s""","Produkt-Titel wird nach %s Zeichen abgeschnitten, wenn auf ricardo.ch für Store ""%s"" veröffentlicht."
"Product Subtitle will be cut after %s characters when published on ricardo.ch for store ""%s""","Produkt-Untertitel wird nach %s Zeichen abgeschnitten, wenn auf ricardo.ch für Store ""%s"" veröffentlicht."
"Product Description will be cut after %s characters when published on ricardo.ch for store ""%s""","Produkt-Beschreibung wird nach %s Zeichen abgeschnitten, wenn auf ricardo.ch für Store ""%s"" veröffentlicht."
"Custom Options are not supported. Those won\'t be synchronized into ricardo.ch.","Individuelle Optionen werden nicht unterstützt. Sie werden nicht zu ricardo.ch übertragen und ignoriert."
"The product or its associated products is/are not in stock or doesn\'t have enough quantity in stock.","Das Hauptprodukt oder seine verknüpften Produkte sind nicht auf Lager oder der Lagerbestand ist nicht hoch genug."
"Only %s currency is supported. No conversion will be done.","Nur die Währung %s wird unterstützt. Es wird keine Umrechnung vorgenommen."
"You MUST define a ricardo category for this product. Check that you set it at products listing level or at Magento category level.","Sie müssen eine ricardo.ch-Kategorie für dieses Produkt wählen. Prüfen Sie, ob Sie das Produkt auf Produktlisting-Level oder Magento-Kategorie-Level gesetzt haben."
"Payment and/or Shipping combination are not correct.","Zahlung und/oder Versand-Kombination sind nicht korrekt."
"You cannot have a starting price for an auction of %2$s when you set a direct sales with a product price of %1$s.","Sie können keinen Startpreis für eine Auktion von %2$s festlegen, wenn Sie ""Sofort-Kaufen"" mit dem Produktpreis von %1$s anbieten."
"Product Price of %s is incorrect for a direct sales. Price must be between %s and %s.","Produktpreis von %s ist falsch für "Sofort-Kaufen". Der Preis muss zwischen %s und %s liegen."
"The ending date is too early or too late. Minimum period allowed: %s days - Maximum period allowed: %s days","Das Enddatum ist zu früh oder zu spät. Minimale erlaubte Zeitspanne: %s Tage - maximale erlaubte Zeitspanne: %s Tage"
"You cannot use the privilege spaces as you do not have any pictures for this product.","Sie können keine Sonderfelder nutzen, da Sie keine Bilder für dieses Produkt hinterlegt haben."
"This increment value is not possible for this start price.","Der angegebene Erhöhungsschritt ist nicht möglich für diesen Startpreis."
"Only the following combinations are possible:","Nur die folgenden Kombinationen sind möglich:"
"Start price is between","Startpreis ist zwischen"
"Increment must be between","Erhöhungsschritt muss sein zwischen "
"This payment method combination is not possible.","Diese Zahlmethoden-Kombination ist nicht möglich."
"The following combinations are possible:","Die folgenden Kombinationen sind möglich:"
"It is not possible to combine ""Other"" shipping method with ""Credit Card"" payment method","Es ist nicht möglich, die Versandmethode ""Andere"" mit der Zahlmethoden ""Kreditkarte"" zu kombinieren."
"No category will be displayed, the products listing doesn\'t exists. Please, close the window.","Keine Kategorie wird angezeigt, das Produktlisting existiert nicht. Bitte schließen Sie das Fenster."
"You are not allowed to save the products listing, so you cannot add products from a category. Please, close the window.","Sie dürfen dieses Produktlisting nicht speichern. Es können keine Produkte von einer Kategorie hinzufügen. Bitte schließen Sie das Fenster."
"Product(s) from the selected categories cannot be saved. The products listing doesn\'t exists.","Produkte von den gewählten Kategorien können nicht gespeichert werden. Das Produktlisting existiert nicht."
"You are not allowed to save the products listing, so you cannot add products from a category.","Sie dürfen dieses Produktlisting nicht speichern. Es können keine Produkte von einer Kategorie hinzufügen. "
"%d product(s) added to the listing","%d Produkte zum Produktlisting hinzugefügt."
"Error occurred while saving the product(s) from the selected categories. Please check your exception log.","Fehler traten auf während des Speicherns der gewählten Kategorien. Bitte prüfen Sie den Fehlerlog."
"The action you try to do, is not possible. You must authorize the API token. Please, go the <a href=""%s"">ricardo.ch Authorization</a> page to do the authorization process","Die Aktion, die Sie durchführen wollen, ist nicht möglich. Sie müssen zunächst das API Token authorisieren. Bitte gehen Sie zur  <a href=""%s"">ricardo.ch Authorisierungsseite</a> um den Authorisierungsprozeß durchzuführen."
"Listing name and website must be specified.","Listingname und Webseite müssen definiert werden."
"We have detected and set for you the language configuration. Please, review it before to go further.","Wir haben die Sprache für Sie vorausgewählt. Bitte prüfen Sie, ob die Wahl richtig ist, bevor Sie fortfahren."
"The listing has been saved.","Das Listing wurde gespeichert."
"An error occurred while saving the listing.","Beim Speichern des Listings trat ein Fehler auf."
"Listed listings cannot be deleted. Stop the listing first.","Aktive Listings können nicht gelöscht werden. Stoppen Sie die Listings zuerst."
"Listing deleted","Listing entfernt"
"%d products removed from listing","%d Produkte vom Listing entfernt."
"%d products are listed and could not be removed","%d Produkte sind aktiv gelistet und können nicht entfernt werden."
"The API token and configuration are not ready to allow this action. Please, check that your token is enabled and not going to expire.","Der API Token und die Konfiguration sind nicht fertig eingerichtet, diese Aktion ist nicht erlaubt. Bitte prüfen Sie, dass der Token aktiv ist und die Gültigkeit nicht ausläuft."
"A similar job is already running. This job won\'t be executed.","Es läuft bereits ein Vorgang. Ihre Aktion wird nicht ausgeführt."
"It\'s s not possible to start this job. You must authorize the API token. Please, go the <a href=""%s"">ricardo.ch Authorization</a> page to do the authorization process","Es ist nicht möglich, diese Aktion durchzuführen. Sie müssen den API Token zunächst authorisieren. Bitte gehen Sie zur <a href=""%s"">ricardo.ch Authorisierungsseite</a> um den Authorisierungsprozess durchzurführen."
"An error occurred while starting this job. Please check your log file.","Ein Fehler trat auf beim Start des Vorgangs. Bitte schauen Sie in den Fehlerlog."
"The job to check your products listing will start in few minutes. You can check the progression below.","Der Vorgang um Ihre Produktlistings zu überprüfen wird in wenigen Minuten starten. Sie können den Fortschritt unten einsehen."
"If it finishes with success, your products will be listed automatically otherwise you will have to choose if you want to keep going to list or fix potential issues.","Wenn erfolgreich beendet, werden Ihre Produkte automatisch aktiv gelistet. Falls Fehler auftreten, müssen Sie entscheiden, ob das Listing fortgesetzt oder überprüft werden soll."
"There is no product ready to be listed. Please, add products to your products listing ""%s"".","Kein Produkt ist bereit um eingestellt zu werden. Bitte fügen Sie Produkt zu Ihrem Produktlisting ""%s"" hinzu."
"There is no pending product to check.","Kein zu prüfendes Produkt vorhanden"
"The job to list your products listing will start in few minutes.","Der Vorgang zur Einstellung Ihrer Produkte wird in wenigen Minuten beginnen."
"You can check the progression below.","Sie können den Fortschritten unten einsehen."
"There is no item to relist. Only products who have been sold on ricardo.ch can be relisted for the products listing %d.","Es gibt kein Produkt zum reaktivieren. Nur Produkte, die schon mal auf ricardo.ch.ch gelistet wurden, können wieder aktiviert werden für das Produktlisting %d."
"Only listed product items can be stopped.","Nur aktive gelistete Produkte können deaktiviert werden."
"The job to stop to list your products will start in few minutes.","Der Vorgang um Ihre Produkte zu beenden wird in wenigen Minuten beginnen."
"Products listing(s) is/are successfully deleted.","Produktlisting(s) wurde(n) erfolgreich gelöscht."
"The following products listings IDs have not been deleted because they are still listed on ricardo.ch: ' . implode(","Die folgenden Produktlisting-IDs wurden nicht gelöscht, da Sie immer noch aktiv auf ricardo.ch gelistet sind:"
"An error occurred while trying to delete the products listing(s). Please, check your exception log.","Beim Löschen des/der Produktlisting(s) trat ein Fehler auf. Bitte schauen Sie in Ihre Fehlerlog."
"No products selected.","Keine Produkte gewählt."
"The configuration has been saved successfully.","Die Konfiguration wurde erfolgreich gespeichert."
"An error occurred while saving the configuration. Please, check your log files for more details.","Beim Speichern der Konfiguration trat ein Fehler auf. Bitte schauen Sie in den Fehlerlog für weitere Informationen."
"It\'s just a preview. Please, be aware that the display on ricardo.ch might be slightly different.","Dies ist nur eine Vorschau. Bitte denken Sie daran, dass die Darstellung auf ricardo.ch unterschiedlich sein kann."
"Log(s) is/are successfully deleted.","Log(s) wurde(n) erfolgreich gelöscht."
"An error occurred while trying to delete the listing log(s). Please, check your exception log.","Beim Löschen der Listing-Logs trat ein Fehler auf. Bitte schauen Sie in Ihr Fehlerlog."
"Job(s) is/are successfully deleted.","Aktion(en) erfolgreich gelöscht."
"The following job IDs have not been deleted because they are still running: %s","Die folgenden Aktions-IDs wurden nicht gelöscht, da Sie immer noch aktiv sind."
"An error occurred while trying to delete the job(s). Please, check your exception log.","Beim Löschen der Aktion(en) trat ein Fehler auf. Bitte schauen Sie in Ihr Fehlerlog."
"ricardo.ch API Signup","ricardo.ch API Anmeldung"
"API Signup","API Anmeldung"
"ricardo.ch Assistant Portal","ricardo.ch Verkäuferportal"
"Assistant Portal","Verkäuferportal"
"Only Ajax call is allowed here.","Hier ist nur ein Ajax-Aufruf erlaubt."
"The website code returned from ricardo.ch is not correct! Your authorization has not been saved on our side.","Der Website Code von ricardo.ch ist nicht korrekt. Die Authorisierung konnte auf Seiten von Magento nicht gespeichert werden."
"Your ricardo.ch account has been authorized to get access to the API.","Ihr ricardo.ch-Konto wurde erfolgreich authorisiert, um Zugang zur API zu erhalten."
"An error occurred while saving the token. Please, check your log files.","Beim Speichern des Tokens trat ein Fehler auf. Bitte schauen Sie in Ihr Fehlerlog."
"Authorization was not successful on ricardo.ch side. Please, contact ricardo.ch to find out the reason.","Die Authorisierung wurde von ricardo.ch zurückgewiesen. Bitte kontaktieren Sie ricardo.ch um den Grund zu erfahren."
"Sign Up to ricardo.ch API","Anmeldung zur ricardo.ch API"
"API Authorization","API Authorisierung"
"No Selection","Keine Auswahl"
"Open ricardo.ch Category Window","Öffne ricardo.ch Kategorien Fenster"
"Add products from selected categories","Füge Produkte von gewählten Kategorien hinzu"
"Only product types supported, enabled and not listed in other products listing will be added.","Nur Produkte, deren Typ unterstützt wird, die aktiv und nicht bereits gelistet sind, werden hinzugefügt."
"Be aware, you have also to select the sub-categories, otherwise selecting only a top category won\'t allow to add products of its subcategories.","Bitte achten Sie darauf, auch die Unterkategorien zu wählen. Wenn Sie nur eine Oberkategorie wählen können Produkte nicht zu deren Unterkategorien hinzugefügt werden."
"Create new listing","Erstelle neues Listing."
"Show Synchronization Jobs","Zeige Synchronisierung-Aufträge"
"General","Allgemeine API Konfiguration"
"Products","Produkte"
"Sales Options","Verkaufsoptionen"
"Rules","Regeln"
"Product ID","Produkt ID"
"Name","Name"
"Price","Preis"
"Type","Typ"
"SKU","Artikelnummer"
"Inventory","Lagerbestand"
"Status","Status"
"Action","Aktion"
"Preview","Vorschau"
"Configure","Konfiguriere"
"Remove","Löschen"
"Are you sure to remove this/these product(s)?","Sind Sie sicher, dass Sie diese Produkte löschen möchten?"
"Remove from list","Von der Liste löschen"
"the sales options","Die Verkaufsoptionen"
"the shipping and payment rules","Die Regeln für Versand- und Zahlungsarten."
"This product has been configured for %s %s","Diese Produkte wurde konfiguriert für %s %s"
"The product has custom options, those will not be added to ricardo.ch!","Das Produkt hat individuelle Optionen, diese werden nicht zu ricardo.ch übertragen."
"ID","ID"
"Add selected product(s)","Fügen Sie gewählte Produkte hinzu"
"Title","Titel"
"Website","Website"
"Language","Sprache"
"Product languages to synchronize to ricardo.ch","Produktsprachen, die mit ricardo.ch synchronisiert werden sollen."
"ricardo.ch supports only two languages at the moment: German and French. You can set in which language you want to publish your product content (title, subtitle, description, etc).","ricardo.ch unterstützt zur Zeit nur zwei Sprachen: Deutsch und Französisch. Sie können wählen, in welcher Sprache Sie die Produktinfos übertragen möchten (Titel, Untertitel, Beschreibung, etc)."
"Default language to publish","Standardsprache bei der Veröffentlichung."
"Which language to publish by default to ricardo.ch when the product content is not available in a language?","Welche Sprache soll standarmässig zur Veröffentlichung bei ricardo.ch gewählt werden, wenn Produktinfos in gewüschter Sprache nicht verfügbar sind?"
"Store View for %s","Store View für %s"
"Payment Methods","Zahlungsarten"
"Payment Description German","Zahlungsarten Beschreibung deutsch"
"Characters: %s. Max. 5 000 characters. Payment information to display to customers. Will be send to ricardo only if you select the method ""Other""","Zeichen: %s. Max. 5 000 Zeichen. Information zu den Zahlungsarten für die Kunden. Diese Infos werden zu ricardo.ch nur übertragen, wenn Sie die Zahlart ""Andere"" wählen"
"Payment Description French","Beschreibung Zahlungsarten Französisch"
"Shipping Methods","Versandarten"
"Shipping Price","Versandkosten"
"Free shipping","kostenloser Versand"
"Is Shipping fee cumulative","Sind Versandkosten kumulativ"
"If you select this option, the shipping fee will be calculate for each sold product.","Wenn Sie diese Option wählen, werden die Versandkosten für jedes verkaufte Produkt einzelnd berechnet."
"e.g. an article is sold with a quantity of 3 to one customer and the shipping fee is 15 CHF. Total Shipping fee is 45 CHF. Let it empty if you don\'t such an option.","z. B. ein Artikel wird mit der Menge 3 von einem Kunden gekauft und die Versandkosten liegen bei jeweils 15 CHF. Die Versandkosten sind dann insgesamt 45 CHF. Lassen Sie das Feld leer, wenn Sie diese Option nicht wählen möchten."
"Shipping Availability","Verfügbarkeit des Artikels"
"Shipping Description German","Versandbeschreibung deutsch"
"Characters: %s. Max. 5 000 characters","Zeichen: %s. Max. 5 000 Zeichen"
"Shipping Description French","Versandbeschreibung französisch"
"The store's base currency is {$storeCurrency}. Only %s is allowed as currency. No currency conversion will be proceed.","Die Standardwährung dieses Stores ist {$storeCurrency}. Nur %s ist als Währung erlaubt. Die Preise werde nicht umgerechnet."
"Category","Kategorie"
"ricardo.ch Category","ricardo.ch Kategorie"
"Use Magento / ricardo.ch Category mapping (if mapping does not exist, an error message will be triggered while preparing the synchronization to ricardo.ch)","Nutze Magento / ricardo.ch Kategorie-Mapping (wenn ein Mapping nicht existiert, wird eine Fehlermeldung ausgegeben, wenn die Synchronisierung zu ricardo.ch vorbereitet wird.)"
"Select ricardo.ch Category","Wähle ricardo.ch Kategorie"
"Select the category","Wähle Kategorie"
"Type of sales","Verkaufstyp"
"Until Sold","Bezahlt bis"
"Start price","Startpreis"
"Range from Fr. 0.05 to Fr. 1 000 000. If Credit card payment method available and enabled, the range is from Fr. 0.05 to Fr. 2 999.95.","Spanne zwischen Fr. 0.05 und Fr. 1 000 000. Wenn Kreditkarte als Zahlart verfügbar und aktiv, liegt die Spanne zwischen Fr. 0.05 und Fr. 2 999.95."
"Increment","Erhöhtungsschritt"
"Currency","Währung"
"Allow Direct Buy","Erlaube Sofort-Kaufen"
"Fill in the fieldset ""Buy now"" below to define the direct price settings. <strong>Note</strong>: if set to ""Yes"", the stock management will be set to ""Custom Qty"" with a value of 1.","Befüllen Sie das Feld ""Sofort-Kaufen"" unten, um den Sofort-Kaufen-Preis zu definieren. <strong>Hinweis</strong>: wenn auf ""Ja"" gestellt, wird die ""individuelle Verfügbarkeit"" auf 1 gestellt."
"Source","Quelle"
"Price Change","Preisspanne"
"For Fixed Price articles, the minimum price is Fr. 0.05 and maximum Fr. 2 999.95 if the Credit Card payment method is used.","Für Produkte mit Fixpreis, der Mindestpreis ist Fr. 0.05 und der Maximalpreis ist Fr. 2 999.95 sofern die Zahlungsart Kreditkarte aktiviert ist."
"For Auction articles, the minimum amount is Fr. 0.1 and must be greater than the Start Price.","Für Auktions-Artikel ist die minimale Menge Fr. 0.1 und muss größer sein, als der Startpreis."
"If not correctly defined, the minimum and maximum values will be automatically set.","Wenn nicht korrekt definiert, werden die Min- und Max-Werte automatische gesetzt."
"Schedule","Zeitplan"
"Start","Start"
"Starting date must start minimum in one hour and maximum 30 days in the future.","Der Verkauf kann frühestens in einer Stunde, spätestens in 30 Tagen starten."
"Start immediately","Sofort starten"
"Start from","Starte von"
"End","Ende"
"Ending date must finish at the minimum in 24 hours and maximum 10 days from the starting date.","Der Verkauf darf frühestens in 24 Stunden, spätestens 10 Tage nach dem Startdatum enden."
"End after %s days","Ende nach %s Tagen"
"End on","Endet am"
"Reactivation","Reaktivierung"
"Cycle","Zyklus"
"Cycle to publish multiple products %s minutes after the first publish","Zyklus, um mehrere Produkte %s Minuten nach der ersten Veröffentlichung zu veröffentlichen."
"Randomly published","Zufällige Veröffentlichung"
"Overwrite all products starting date","Überschreibe alle Startdaten der Produkte"
"Product Condition","Produkt-Zustand"
"Default Condition","Standard Zustand"
"Condition Product Source","Zustand des Produkts"
"Do you want to define the condition source from the ricardo.ch Condition Attribute if you defined it on product basis? Otherwise, if not found or you set here to ""No"", the default condition set above will be defined.","Möchten Sie den Zustand des Produkts über das Produktattribut bestimmen? Falls nicht und Sie hier ""Nein"" eintragen, wird der Standardwert aus dem Produktlisting übernommen."
"Warranty","Garantie"
"Warranty description German","Garantiebeschreibung deutsch"
"Characters %s. Max. 5 000 characters","Zeichen %s. Max. 5 000 Zeichen"
"Warranty description French","Garantiebeschreibung französisch"
"Stock Management","Lagerverwaltung"
"Range 1...999. If you use the product inventory option, the amount of items will be taken from the field ""Qty"" defined in the product inventory and limited to 999 if you have a quantity above this value.","Spanne 1...999. Wenn Sie die Lagerhaltungs-Option nutzen, wird die Menge der Produkte mit dem Feld ""Menge"" befüllt. Die maximale Menge ist jedoch 999."
"Use product inventory","Nutze Lagerbestand des Produkts"
"Use custom qty","Nutze spezifizierte Menge"
"Customization","Spezifizierung"
"Template","Template"
"To create one go to your <a href=""%s"">ricardo.ch account</a> into ""My Sales"".","Um eines zu erstellen, gehen Sie zu Ihrem <a href=""%s"">ricardo.ch Konto</a> in ""Meine Verkäufe""."
"Promotion","Promotion"
"Privilege Space","Promo-Fenster"
"Privilege space on main category page and search results. More information about this feature <a onclick=\window.open('%s');\"">here</a>""","Promo-Fenster auf der Hauptkategorieseite und Suchergebnisse. Mehr Informationen über dieses Feature finden Sie <a onclick=\window.open('%s');\"">hier</a>"""
"Home Privilege Space","Promo-Fenster Homepage"
"Privilege space on the homepage. More information about this feature <a onclick=""window.open('%s');"">here</a>","Promo-Fenster auf der Homepage. Mehr Informationen über dieses Feature bekommen Sie <a onclick=""window.open('%s');"">hier</a>"
"Home Space","Promo-Fenster Homepage"
"These options will not be activated for products having no picture.","Diese Option wird nicht aktiviert für Produkte ohne Bilder."
"Until sold","Verkauft bis"
"Listed items cannot be modified. Stop the listing first to make changes.","Gelistete Produkte können nicht modifiziert werden. Beenden Sie zunächst das Listing um Änderungen vornehmen zu können."
"Back to the list ""%s""","Zurück zur Liste ""%s"""
"Configure product '%s'","Konfiguriere Produkt '%s'"
"Configure all %s selected products","Konfiguriere alle %s gewählten Produkte"
"No ricardo.ch category found","Keine ricardo.ch Kategorie gefunden"
"Give a name","Geben Sie einen Namen an"
"Select a website","Wählen Sie eine Website"
"The website(s) must be configured and enabled for this extension. If this field is empty or some are missing please <a href=""%s"">configure</a> the extension.","Die Website(s) müssen für diese extension konfiguriert und aktiviert sein. Wenn dieses Feld leer ist oder etwas fehlt, <a href=""%s"">konfigurieren</a> Sie bitte die Extension."
"Cancel","Abbrechen"
"Listed products:","Gelistete Produkte"
"Not listed products:","Nicht gelistete Produkte"
"Add Product(s) from category","Füge Produkt(e) von der Kategorie hinzu"
"Add Product(s)","Füge Produkt(e) hinzu"
"Stop","Stop"
"Remove article listed on ricardo.ch","Entferne gelistete Artikel auf ricardo.ch"
"Check & List","Prüfe & liste"
"Check & list only pending & error items","Prüfe & liste nur wartende und fehlerhafte Produkte"
"List","Einstellen"
"List only ""Ready to list"" items","Nur Produkte einstellen, die den Status ""Fertig zur Listung"" haben"
"Edit Products Listing '%s'","Bearbeite Produktlisting '%s'"
"New Products Listing","Neues Produktlisting"
"Websites","Websites"
"Total","Gesamt"
"Edit","Bearbeiten"
"Relist","Reaktivierung"
"Stop List","Angebot beenden"
"View Logs","Siehe Logs"
"Change status","Ändere Status"
"Delete","Löschen"
"Are you sure that you want to delete this/these products listing(s)? Be aware it\'s only possible when the listing is ""Listed""","Sind Sie sicher, dass Sie die Produktlisting(s) löschen möchten? Beachten Sie, das nur aktive Listen gelöscht werden können."
"Products Listing Log ""%s""","Produktlistings Log ""%s"""
"Edit ""%s""","Bearbeite ""%s"""
"Job ID","Job ID"
"Listing ID","Listing ID"
"Listing Title","Listing Titel"
"Product title","Produkttitel"
"Message","Nachricht"
"Created at","Erzeugt am"
"Are you sure that you want to delete this/these log(s)?","Sind Sie sicher, dass Sie die Logs löschen möchten?"
"Job Type","Job Typ"
"Job Message","Job Nachricht"
"Current Progress","Aktueller Fortschritt"
"Started at","Begonnen am"
"Ended at","Beendet am"
"Are you sure that you want to delete this/these job(s)?","Sind Sie sicher, dass Sie diese Vorgänge löschen möchten?"
"Show Products Listing","Zeige Produktlisting"
"Listing","Listing"
"Synchronization","Synchronisierung"
"Orders","Bestellungen"
"Transactions %s","Transaktionen %s"
"You may also access to the %s content of this page</a> in a new window.","Sie können den %s Inhalt dieser Seite auch </a> in einem neuen Fenster bearbeiten."
"Your ricardo.ch API token credentials are going to expire in %s days for the website ""%s"".","Ihre ricardo.ch-API-Token-Daten laufen in  %s Tagen für diese Webseite ""%s"" ab."
"No ricardo.ch API Authorization have been found for the website ""%s"".","Keine ricardo.ch-API-Authorisierung wurde für diese Website ""%s"" gefunden."
"You have to authorize your account to get access to the ricardo.ch API thanks to the <a href=""%s"">ricardo.ch Authorization Page</a>. If you don\'t do it, your ricardo.ch extension and all related transactions with ricardo.ch will be blocked."," Sie müssen Ihr Konto authorisieren, um Zugang zur ricardo.ch-API zu bekommen. Sie können das mittels der <a href=""%s"">ricardo.ch Authorisierungsseite</a> tun. Wenn Sie das nicht tun, werden alle Aufrufe von  und zu ricardo.ch blockiert."
"To hide this message, you have to <a href=""%s"">disable the extension</a>.","Um diese Nachricht zu verbergen, müssen Sie die Extension <a href=""%s"">deaktivieren</a>."
"The Official ricardo.ch Extension has been installed.","Die offizielle ricardo.ch Extension wurde installiert."
"Please, click <a href=""%s"">here to configure</a> the access to the ricardo.ch API.","Bitte klicken Sie <a href=""%s"">hier</a> um den Zugang zur ricardo.ch API zu konfigurieren."
"Latest message for the selected job","Letzte Nachricht für den gewählten Vorgang"
"<a href=""%s"">Edit</a> your products listing if needed","<a href=""%s"">Bearbeite</a> deine Produktlistings, wenn notwendig"
"No message found.","Keine Nachricht gefunden."
"Confirm","Bestätige"
"More Views","Mehr Ansichten"
"%s days 0:0:0","%s Tage 0:0:0"
"Starting price","Startpreis"
"Place a bit","Platziere ein Gebot"
"Quantity","Anzahl"
"of %s","von %s"
"Details","Details"
"Ending date:","Enddatum:"
"Availability:","Verfügbarkeit:"
"Product condition:","Produktzustand:"
"Payment information:","Zahlungsinformation:"
"Shipping Method (CH):","Versandart (CH):"
"Description","Beschreibung"
"Payment, Shipping, Warranty","Bezahlung, Versand, Garantie"
"Payment information","Zahlungsinformation"
"Payment Methods:","Zahlungsarten:"
"Payment Description:","Zahlungsarten Beschreibung:"
"Shipping","Versand"
"Shipping Price:","Versandkosten:"
"Shipping Availability:","Versandverfügbarkeit:"
"Shipping Description (CH):","Versandkosten Beschreibung (CH):"
"You must select a ricardo.ch Category if you set this option","Sie müssen eine ricardo.ch-Kategorie wählen, um diese Option zu wählen"
"The task will start few minutes","Der Vorgang wird in ein paar Minuten starten"
"No progress","Kein Fortschritt"
"The product list has been stopped.","Die Produktliste wurde beendet."

"ricardo.ch Lifetime Sales","ricardo.ch Gesamtumsatz"
"Turnover per month","Umsatz pro Monat"
"Best Sellers","Meistverkaufte Produkte"
"Qty sold", "Menge Verkauft"
"Product Name","Produktname"
"SKU","SKU"
"Price","Preis"
"Your ricardo.ch API Token","Ihre ricardo.ch API Token"

"PREMIUMCATEGORYBRONZE"," Klein"
"PREMIUMCATEGORYSILVER"," "Medium"
"PREMIUMCATEGORYGOLD"," "Groß"

"TYPE_BANK_TRANSFER","Banküberweisung"
"TYPE_CASH","Bar"
"TYPE_CREDIT_CARD","Kreditkarte via ricardo.ch"
"TYPE_OTHER", "Andere Zahlungsmethoden"

"UNKNOWNPROPERTY","Unbekannter Besitzer"
"CUSTOMERNOTARTICLEOWNER","Der Kunde darf das Produkt nicht bearbeiten, da er nicht der Besitzer ist."
"CHECKPASSWORDWRONGPASSWORD","Das Passwort ist falsch."
"CHECKPASSWORDBLACKLISTEDIP","Das CheckPassword wird von einer blacklisted IP aus benutzt "
"CHECKPASSWORDBANNEDCUSTOMER","Das CheckPassword wird von einem gesperrten Kunden genutzt, zusätzliche Info enthält das Datum, seit wann der Nutzer gesperrt ist."
"CHECKPASSWORDCLOSEDCUSTOMER","Das CheckPassword wurde von einem deaktivierten Kunden genutzt, zusätzliche Info enthält das Datum, seit wann der Nutzer inaktiv ist."
"LOGADMINFAILED","Admin login fehlgeschlagen"
"TOKENERROR","Token Fehler für API "
"TOKENEXPIRED","Token ausgelaufen für API "
"ANONYMOUSNOTALLOWED","Anonymer Aufruf ist nicht erlaubt"
"TEMPORAYCREDENTIALEXPIRED","temporärer Zugang abgelaufen für API"
"TEMPORAYCREDENTIALUNVALIDATED","temporärer Zugang für API nicht valide"
"SESSIONEXPIRED","Session abgelaufen"
"UPDATEPASSWORDPOLICYINVALID","CustomerUpdatePassword wird mit einem Passwort mit invaliden Bedingungen genutzt. Es müssen mindestens 8 Zeichen sein, davon mindestens ein Großbuchstabe und ein Nicht-Alphanumerisches Zeichen."
"AFTOKENERROR","Anti Forgery token error "
"UNKNOWNPARTNERSHIP","Unbekannte Partnerschaft"
"CHECKPASSWORDPENDINGEMAILVALIDATION","Nutzer hat seine E-Mail Adresse nicht validiert"
"VALIDATECUSTOMERADDRESSDISABLED","Validierung der Adresse ist deaktiviert"
"ACCOUNTBANNED","Das Kundenkonto wurde gesperrt."
"ACCOUNTCLOSED","Das Kundenkonto wurde geschlossen."
"METHODNOTALLOWED","Die Partnerschaft stimmt nicht mit der gewählten Methode überein."
"TOKEN_AUTHORIZATION","Die Authorisierung muss nochmal durchgeführt werden"

"CLOSEAUCTIONFAILED","Auktion konnte nicht geschlossen werden"
"CLOSECLASSIFIEDFAILED","Ein Produkt konnte nicht klassifiziert werden"
"DELETEPLANNEDFAILED","Ein Produkt konnte nicht gelöscht werden"
"COUNTRYORPARTNERNOTDEFINED","Das Land oder der Partner konnte nicht gefunden werden"
"UNKNOWNCATEGORYID","Die übergebene Kategorie ID existiert nicht"
"UNSUPPORTEDLANGUAGEID","Die übergebene Sprach ID existiert nicht"
"ARTICLENOTFOUND","Das Produkt konnte nicht gefunden werden"
"CUSTOMERNOTFOUND","Kunde nicht gefunden"
"EMPTYIPADDRESS","Die IP Adresse ist nicht definiert"
"TECHNICALPROBLEM","Technischer Fehler"
"ARTICLESAMOUNTLIMIT","Limit für die Menge pro Übertragung liegt bei 100 "
"LISTOFARTICLESEMPTY","Liste der Produkte ist leer"
"UNKNOWNCATEGORYNAME","Kategoriename ist nicht bekannt"

"EMPTYCOUNTRYID","Ein technischer Fehler ist aufgetreten. Wir bitten Sie um Entschuldigung. Bitte versuchen Sie es später nochmals oder kontaktieren Sie unseren Kundendienst."
"EMPTYPARTNERID","Ein technischer Fehler ist aufgetreten. Wir bitten Sie um Entschuldigung. Bitte versuchen Sie es später nochmals oder kontaktieren Sie unseren Kundendienst."
"EMPTYCATEGORY","Ein technischer Fehler ist aufgetreten. Wir bitten Sie um Entschuldigung. Bitte versuchen Sie es später nochmals oder kontaktieren Sie unseren Kundendienst."
"EMPTYRELISINFOS","Ein technischer Fehler ist aufgetreten. Wir bitten Sie um Entschuldigung. Bitte versuchen Sie es später nochmals oder kontaktieren Sie unseren Kundendienst."
"EMPTYCUSTOMER","Ein technischer Fehler ist aufgetreten. Wir bitten Sie um Entschuldigung. Bitte versuchen Sie es später nochmals oder kontaktieren Sie unseren Kundendienst."
"UNKNOWNPARTNERID","Ein technischer Fehler ist aufgetreten. Wir bitten Sie um Entschuldigung. Bitte versuchen Sie es später nochmals oder kontaktieren Sie unseren Kundendienst."
"UNKONWNCATEGORYID","Ein technischer Fehler ist aufgetreten. Wir bitten Sie um Entschuldigung. Bitte versuchen Sie es später nochmals oder kontaktieren Sie unseren Kundendienst."
"INVALIDDURATION","Die angefragte Dauer ist nicht möglich."
"RELISTCOUNTEXCEEDED","Bitte beachten Sie, dass Sie Ihre Artikel höchstens 9 Mal reaktivieren können. "
"STARTPRICETOOHIGH","Bitte setzen Sie einen Startpreis, der gleich oder tiefer als CHF 10 000 000 000 ist."
"STARTPRICETOOLOW","Bitte setzen Sie einen Startpreis, der gleich oder höher als CHF 0.05 ist."
"INVALIDARTICLETYPEFORCATEGORY","Bitte beachten Sie, dass diese Kategorie-Änderung nicht erlaubt ist."
"CATEGORYNOTFINAL","Bitte wählen Sie in der letzten Spalte eine Unterkategorie aus."
"CATEGORYDEDICATEDTOUSERS","Leider können Sie in dieser Kategorie keine Artikel einstellen. Bitte wählen Sie eine andere Kategorie aus oder kontaktieren Sie unseren Kundendienst."
"INVALIDTEMPLATEID","Bitte überprüfen Sie ob die ausgewählte Vorlage in Ihrem My Ricardo vorhanden ist."
"EMPTYTITLE","Bitte tragen Sie einen Titel in das entsprechende Feld ein."
"EMPTYDESCRIPTION","Bitte tragen Sie eine Beschreibung für Ihren Artikel in das entsprechende Feld ein."
"EMPTYSUBTITLE","Bitte tragen Sie einen Untertitel in der zweiten Sprache ein."
"TOOLONGTITLE","Bitte beachten Sie, dass der Titel nicht mehr als 40 Zeichen enthalten darf."
"TOOLONGDESCRIPTION","Bitte beachten Sie, dass Ihre Artikel-Beschreibung nicht mehr als 65'000 Zeichen enthalten darf."
"TOOLONGSUBTITLE","Bitte beachten Sie, dass der Untertitel nicht mehr als 60 Zeichen enthalten darf."
"EMPTYPAYMENTDESCRIPTION","Bitte tragen Sie eine Zahlungsart-Beschreibung in das entsprechende Feld ein."
"TOOLONGPAYMENTDESCRIPTION","Bitte beachten Sie, dass die Beschreibung der Zahlungsart nicht mehr als 5'000 Zeichen enthalten darf."
"EMPTYDELIVERYDESCRIPTION","Bitte tragen Sie eine Beschreibung der Versandart in das entsprechende Feld ein."
"TOOLONGDELIVERYDESCRIPTION","Bitte beachten Sie, dass die Versandart-Beschreibung nicht mehr als 5'000 Zeichen enthalten darf. "
"EMPTYWARRANTYDESCRIPTION","Bitte tragen Sie eine Garantie-Beschreibung in das entsprechende Feld ein. "
"TOOLONGWARRANTYDESCRIPTION","Bitte beachten Sie, dass die Garantie-Beschreibung nicht mehr als 5'000 Zeichen enthalten darf. "
"INCREMENTNOTDEFINED","Bitte tragen Sie einen Erhöhungsschritt in das entsprechende Feld ein."
"INVALIDINCREMENT","Bitte beachten Sie, dass der Erhöhungsschritt nur aus Zahlen bestehen soll und keine Sonderzeichen enthalten darf."
"QUANTITYTOOLOW","Bitte beachten Sie, dass Sie mindestens ein Stück verkaufen müssen."
"QUANTITYTOOHIGH","Bitte beachten Sie, dass die Stückzahl gleich oder weniger als 999 sein muss."
"NOPAYMENTMETHOD","Bitte wählen Sie eine Zahlungsart aus."
"NODELIVERYCONDITION","Bitte wählen Sie eine Versandart aus. "
"DELIVERYCOSTTOOHIGH","Die von Ihnen definierte Versandkosten sind zu hoch. Bitte wählen Sie einen Betrag der kleiner ist als CHF 210'000."
"MANUALINCREMENTNOTALLOWED","Der Erhöhungschritt kann nicht manuell definiert werden."
"PLANNEDSCHEDULETOOLOW","Die geplante Startzeit, darf nicht näher als 30 Minuten von der aktuellen Zeit sein"
"PLANNEDSCHEDULETOOHIGH","Die von Ihnen definierte ""Startzeit"" für das Einstellen des Artikels liegt zuweit in der Zukunft. Bitte planen Sie max. 30 Tage im Voraus. "
"REFERENCETOOLONG","Die von Ihnen gesetzte Referenznummer ist zu lang. Bitte wählen Sie eine Referenznummer mit maximal 40 Zeichen."
"INVALIDQUANTITYFORAUCTIONBUYNOW","Bitte beachten Sie, dass die Option "Sofort-Kaufen" nur bei Angeboten mit der Stückzahl 1 gewählt werden kann."
"BUYNOWLOWERTHANSTARTPRICE","Bitte setzen Sie einen Sofort-Kaufen-Preis, der höher als Ihr Startpreis ist."
"RICARDOPAYNOCARSANDBIKES","Über ricardo.ch können keine Autos oder Fahrräder verkauft werden"
"RICARDOPAYWRONGPAYMENTCONDITIONS","Die gewählte Bezahlmethode kann nicht mit der Kreditkartenzahlung kombiniert werden. Bitte wählen Sie eine andere Methode aus."
"RICARDOPAYPRICETOOHIGH","Der Preis ist zu hoch."
"RICARDOPAYWALLETBLOCKED","Das ricardo.ch Pay-Wallet wurde blockiert."
"MAXPICTURESIZEREACHED","Bitte beachten Sie, dass die gesamte Grösse für das Hochladen Ihrer Bilder auf 20 MB beschränkt ist. "
"ERRORRESIZINGPICTURE","Während der Verarbeitung Ihrer Bilder ist ein Fehler aufgetreten. Wir bitten Sie um Entschuldigung."
"MAXPICTURESCOUNTREACHED","Bitte beachten Sie, dass die maximale Anzahl Fotos pro Artikel auf 10 beschränkt ist. Weitere Bilder können deshalb nicht hinzugefügt werden."
"INVALIDPROMOTION","Ungültige Promotion."
"INVALIDPROMOTIONCOMBINATION","Bitte beachten Sie, dass die mehrfache Auswahl von Anzeigepaketen nicht möglich ist. "
"NOTCLOSED","Die Bezahloption „Kreditkartenzahlung“ steht für Autozubehör nicht zur Verfügung. Deaktivieren Sie bitte diese Option."
"EMPTYARTICLEINFOS","Bitte wählen Sie eine Option, um den Zustand Ihres Artikels zu definieren."
"EMPTYDELIVERY","Bitte wählen Sie eine Versandart aus."
"EMPTYPROMOTIONS","Bitte tragen Sie eine Beschreibung für Ihren Artikel in das entsprechende Feld ein."
"EMPTYDESCRIPTIONS","Ein technischer Fehler ist aufgetreten. Wir bitten Sie um Entschuldigung. "
"UPDATEARTICLEERROR","Ein technischer Fehler ist aufgetreten. Wir bitten Sie um Entschuldigung."
"MULTIPLEUPDATENOTALLOWED","Beachten Sie bitte, dass Sie diese Angebote nicht gemeinsam bearbeiten können."
"UPDATEARTICLECANTRETREIVEARTICLEINFORMATIONS","Ein technischer Fehler ist aufgetreten. Wir bitten Sie um Entschuldigung."
"UPDATEARTICLECANTRETREIVECATEGORY","Ein technischer Fehler ist aufgetreten. Wir bitten Sie um Entschuldigung."
"UPDATEARTICLECANTUPDATEDESCRIPTION","Ein technischer Fehler ist aufgetreten. Wir bitten Sie um Entschuldigung."
"ARTICLEHASBIDS","Bitte beachten Sie, dass bei Ihrem Artikel bereits Gebote abgegeben wurden. Sie können nur zusätzliche Bilder zu Ihrem Artikel hinzufügen."
"INVALIDPICTUREEXTENSTION","Bitte beachten Sie, dass nur die folgenden Bildformate von unserem System unterstützt werden: .jpg; .jpeg; .gif; .tiff; .png."
"LANGUAGEIDNOTSET","Ein technischer Fehler ist aufgetreten. Wir bitten Sie um Entschuldigung. Bitte versuchen Sie es später nochmals oder kontaktieren Sie unseren Kundendienst."
"SETLIVEERROR","Ein technischer Fehler ist aufgetreten. Wir bitten Sie um Entschuldigung. Bitte versuchen Sie es später nochmals oder kontaktieren Sie unseren Kundendienst."
"ARTICLENOTFOUND","Ein technischer Fehler ist aufgetreten. Wir bitten Sie um Entschuldigung. Bitte versuchen Sie es später nochmals oder kontaktieren Sie unseren Kundendienst."
"EMPTYPICTURES","Ein technischer Fehler ist aufgetreten. Wir bitten Sie um Entschuldigung. Bitte versuchen Sie es später nochmals oder kontaktieren Sie unseren Kundendienst."
"UPDATEFAILEDCOULDNOTLOCKARTICLE","Leider konnte Ihr Angebot nicht aktualisiert werden."
"UPDATEFAILEDONARTICLETABLE","Leider konnte Ihr Angebot nicht aktualisiert werden."
"UPDATEFAILEDFORSTARTDATE","Während der Verarbeitung Ihrer Bilder ist ein Fehler aufgetreten. Wir bitten Sie um Entschuldigung."
"UPDATEFAILEDCOULDNOTDELETEOLDIMAGES","Während der Verarbeitung Ihrer Bilder ist ein Fehler aufgetreten. Wir bitten Sie um Entschuldigung."
"UPDATEFAILEDFORIMAGES","Ein technischer Fehler ist aufgetreten. Wir bitten Sie um Entschuldigung. Bitte versuchen Sie es später nochmals oder kontaktieren Sie unseren Kundendienst."
"UPDATEFAILEDCOULDNOTDELETEOLDDESCRIPTIONS","Ein technischer Fehler ist aufgetreten. Wir bitten Sie um Entschuldigung. Bitte versuchen Sie es später nochmals oder kontaktieren Sie unseren Kundendienst."
"UPDATEFAILEDFORDESCRIPTIONS","Ein technischer Fehler ist aufgetreten. Wir bitten Sie um Entschuldigung. Bitte versuchen Sie es später nochmals oder kontaktieren Sie unseren Kundendienst."
"UPDATEFAILEDCOULDNOTDELETEOLDLIST","Ein technischer Fehler ist aufgetreten. Wir bitten Sie um Entschuldigung. Bitte versuchen Sie es später nochmals oder kontaktieren Sie unseren Kundendienst."
"UPDATEFAILEDFORLIST","Ein technischer Fehler ist aufgetreten. Wir bitten Sie um Entschuldigung. Bitte versuchen Sie es später nochmals oder kontaktieren Sie unseren Kundendienst."
"INSERTPREVIEWARTICLEERROR","Ein technischer Fehler ist aufgetreten. Wir bitten Sie um Entschuldigung. Bitte versuchen Sie es später nochmals oder kontaktieren Sie unseren Kundendienst."
"ONEPRICEMUSTBESET","Bitte tragen Sie im entsprechenden Feld einen Startpreis ein."
"PICTUREBASEDPROMOTIONNEEDPICTURE","Um ein Anzeigepaket auswählen zu können, müssen Sie Bilder Ihres Artikels hochladen."
"SUBTITLEMUSTBESETFORSUBTITLEPROMOTION","Service error"
"NOPAYMENTCONDITIONSELECTED","Bitte wählen Sie eine Zahlungsart aus."
"QUANTITYCANTINCREASE","Bitte beachten Sie, dass die Stückzahl eines laufenden Angebots nur reduziert werden kann."
"STARTPRICECANTINCREASE","Bitte beachten Sie, dass der Preis nicht erhöht werden darf."
"BUYNOWPRICECANTINCREASE","Bitte beachten Sie, dass der Sofort-Kaufen-Preis nicht erhöht werden darf."
"PROMOTIONCANTBEREMOVEDONUPDATE","Bitte beachten Sie, dass Sie kein Anzeigepaket mit einem niedrigeren Preis als das bereits ausgewählte buchen können."
"PROMOTIONCANTBEDOWNGRADED","Bitte beachten Sie, dass die Dauer Ihres Angebots nur einmal geändert werden darf."
"DURATIONCHANGESTOOMANY","Die Dauer wurde zu häufig gewechselt."
"CANTPURCHASEWITHBUYNOW","Die Zahlung kann nicht mit der Sofort-Kaufen-Methode durchgeführt werden."
"UNABLETOUPDATEQUANTITY","Bitte beachten Sie, dass der Preis nicht erhöht werden darf."
"UNABLETOUPDATERELISTCOUNT","Bitte beachten Sie, dass der Preis nicht erhöht werden darf."
"BUYNOWPROMOTIONNEEDED","Service error"
"INVALIDMAXRELISTCOUNT","Bitte beachten Sie, dass Sie Ihre Artikel höchstens 9 Mal reaktivieren können. "
"RELISTSOLDOUTAUCTIONNOTALLOWED","Service error"
"SUBTITLEALTERNATIVELANGUAGEISEMPTY","Sie möchten Ihren Artikel zweisprachig erstellen. Bitte tragen Sie deshalb einen Untertitel in der zweiten Sprache ein. "
"DELIVERYDESCRIPTIONALTERNATIVELANGUAGEISEMPTY","Sie möchten Ihren Artikel zweisprachig erstellen. Bitte tragen Sie deshalb eine Beschreibung über die Versandbedingungen in der zweiten Sprache ein."
"PAYMENTDESCRIPTIONALTERNATIVELANGUAGEISEMPTY","Sie möchten Ihren Artikel zweisprachig erstellen. Bitte tragen Sie deshalb eine Zahlungsart-Beschreibung in der zweiten Sprache ein."
"WARRANTYDESCRIPTIONALTERNATIVELANGUAGEISEMPTY","Sie haben entschieden, Ihren Artikel zweisprachig zu erfassen. Bitte tragen Sie eine Garantie-Beschreibung in der zweiten Sprache ein."
"TITLEALTERNATIVELANGUAGEISEMPTY","Sie möchten Ihren Artikel zweisprachig erstellen. Bitte tragen Sie deshalb einen Titel in der zweiten Sprache ein."
"DESCRIPTIONALTERNATIVELANGUAGEISEMPTY","Sie möchten Ihren Artikel zweisprachig erstellen. Bitte tragen Sie deshalb eine Beschreibung für Ihren Artikel in der zweiten Sprache ein."
"SUBTITLEMAINLANGUAGEISEMPTY","Bitte tragen Sie einen Untertitel in der zweiten Sprache ein."
"DELIVERYDESCRIPTIONMAINLANGUAGEISEMPTY","Bitte tragen Sie eine Beschreibung der Versandbedingungen in das entsprechende Feld ein. "
"PAYMENTDESCRIPTIONMAINLANGUAGEISEMPTY","Bitte tragen Sie eine Zahlungsart-Beschreibung in das entsprechende Feld ein."
"WARRANTYDESCRIPTIONMAINLANGUAGEISEMPTY","Bitte tragen Sie eine Garantie-Beschreibung in das entsprechende Feld ein."
"TITLEMAINLANGUAGEISEMPTY","Bitte tragen Sie einen Titel in das entsprechende Feld ein."
"DESCRIPTIONMAINLANGUAGEISEMPTY","Bitte tragen Sie eine Beschreibung für Ihren Artikel in das entsprechende Feld ein. "
"CLOSED","Beachten Sie bitte, dass dieses Angebot bereits zu Ende gegangen ist."
"TOOLONGMAINTITLE","Bitte beachten Sie, dass der Titel nicht mehr als 40 Zeichen enthalten darf."
"TOOLONGMAINDESCRIPTION","Bitte beachten Sie, dass Ihre Artikel-Beschreibung nicht mehr als 65'000 Zeichen enthalten darf."
"TOOLONGMAINSUBTITLE","Bitte beachten Sie, dass der Untertitel nicht mehr als 60 Zeichen enthalten darf."
"TOOLONGALTERNATIVETITLE","Bitte beachten Sie, dass der Titel nicht mehr als 40 Zeichen enthalten darf."
"TOOLONGALTERNATIVEDESCRIPTION","Bitte beachten Sie, dass Ihre Artikel-Beschreibung nicht mehr als 65'000 Zeichen enthalten darf. "
"TOOLONGALTERNATIVESUBTITLE","Bitte beachten Sie, dass der Untertitel nicht mehr als 60 Zeichen enthalten darf."
"TOOLONGMAINPAYMENTDESCRIPTION","Bitte beachten Sie, dass die Beschreibung der Zahlungsart nicht mehr als 5'000 Zeichen enthalten darf."
"TOOLONGALTERNATIVEPAYMENTDESCRIPTION","Bitte beachten Sie, dass die Beschreibung der Zahlungsart nicht mehr als 5'000 Zeichen enthalten darf."
"TOOLONGMAINWARRANTYDESCRIPTION","Bitte beachten Sie, dass die Garantie-Beschreibung nicht mehr als 5'000 Zeichen enthalten darf."
"TOOLONGALTERNATIVEWARRANTYDESCRIPTION","Bitte beachten Sie, dass die Garantie-Beschreibung nicht mehr als 5'000 Zeichen enthalten darf."
"TOOLONGMAINDELIVERYDESCRIPTION","Bitte beachten Sie, dass die Versandart-Beschreibung nicht mehr als 5'000 Zeichen enthalten darf. "
"TOOLONGALTERNATIVEDELIVERYDESCRIPTION","Bitte beachten Sie, dass die Versandart-Beschreibung nicht mehr als 5'000 Zeichen enthalten darf."
"BUYNOWPRICETOOLOW","Service error"
"BUYNOWPROMOTIONNOTALLOWED","Service error"
"CANTUPDATEPICTUREONARTICLEWITHBID","Das Bild kann bei einem Angebot das bereits Gebote erhalten hat nicht aktualisiert werden."
"HTMLTAGSNOTALLOWED","Bitte beachten Sie, dass HTML-Tags in diesem Beschreibungsfeld nicht unterstützt werden"
"WRONGPAYMENTCONDITIONS","Falsche Zahlungsarten"
"EMPTYPAYMENTCONDITIONIDS","Leere Zahlungsarten-Ids"
"NODETAILS","Keine Details gegeben."
"ARTICLEALREADYHASCARDPAYMENT","Produkt hat bereits eine Zahlungs-Id."
"ERRORINSERTINGCARDPAYMENT","Fehler bei der Eingabe der Kartenzahlung."
"ARTICLEDOESNOTHAVECARDPAYMENT","Produkt hat keine Kartenzahlung."
"ERRORREMOVINGCARDPAYMENT","Fehler beim Entfernen der Kartenzahlung"
"RICARDOPAYNOTACTIVATED","ricardo.ch Pay ist nicht aktiviert."
"EMPTYPAYMENTMETHODSIDS","Leere Zahlungsarten-Ids"
"EMPTYARTICLEID","Leere Produkt-Id"
"INVALIDCARDCOMBINATIONWITHDELIVERYCONDITION","Ungültige Karte in Kombination mit den Versandkonditionen"
"NUMBEROFARTICLELIMITED","Anzahl der Produkte ist limitiert."
"PAYMENTMETHODNEEDALTERNATEONE","Alternative Zahlungsart notwendig."
"WRONGPAYMENTMETHODS","falsche Zahlungsart"
"CUMULATIVESHIPPINGNOTALLOWED","kumulative Versandkosten nicht erlaubt."

"MAXPICTURESCOUNTREACHED","maximale Bilderanzahl erreicht"
"MAXPICTURESIZEREACHED","maximale Bildgröße erreicht"
"ERRORRESIZINGPICTURE","Fehler bei der Grössenänderung der Bilder"
"PICTUREINDEXDOESNOTEXIST","Bildindex existiert nicht"
"EMPTYPICTURECONTENT","leerer Bildinhalt"
"NOPICTURES","keine Bilder"
"INVALIDPICTUREINDEX","ungültiger Bildindex"
"MAXLOGOPICTURESIZEREACHED","maximale Logogröße erreicht"
"ERRORRESIZINGLOGOPICTURE","Fehler bei der Größenänderung des Logos"

"NOTALLOWEDTOSELL","NOTALLOWEDTOSELL"
"BILLINGERROR","BILLINGERROR"
"GETCUSTOMERERROR","GETCUSTOMERERROR"
"NEEDTOCHANGEPASSWORDERROR","NEEDTOCHANGEPASSWORDERROR"
"GETACCOUNTPREFERENCESERROR","GETACCOUNTPREFERENCESERROR"
"INVALIDARGUMENTS","INVALIDARGUMENTS"
"EMPTYCOUNTRYID","EMPTYCOUNTRYID"
"EMPTYNICKNAME","EMPTYNICKNAME"
"EMPTYIPADDRESS","EMPTYIPADDRESS"
"EMPTYEMAIL","EMPTYEMAIL"
"EMPTYCUSTOMERID","EMPTYCUSTOMERID"
"EMPTYGUID","EMPTYGUID"
"NICKNAMEISNOTUNIQUE","NICKNAMEISNOTUNIQUE"
"EMAILISNOTUNIQUE","EMAILISNOTUNIQUE"
"EMPTYFIRSTNAME","EMPTYFIRSTNAME"
"TOOLONGFIRSTNAME","TOOLONGFIRSTNAME"
"EMPTYLASTNAME","EMPTYLASTNAME"
"TOOLONGLASTNAME","TOOLONGLASTNAME"
"TOOLONGNICKNAME","TOOLONGNICKNAME"
"TOOLONGEMAIL","TOOLONGEMAIL"
"MUSTBEOVER18","MUSTBEOVER18"
"EMPTYADDRESS1","EMPTYADDRESS1"
"TOOLONGADDRESS1","TOOLONGADDRESS1"
"TOOLONGADDRESS2","TOOLONGADDRESS2"
"TOOLONGSTREETNR","TOOLONGSTREETNR"
"TOOLONGPOSTALBOX","TOOLONGPOSTALBOX"
"EMPTYZIPCODE","EMPTYZIPCODE"
"TOOLONGZIPCODE","TOOLONGZIPCODE"
"EMPTYCITY","EMPTYCITY"
"TOOLONGCITY","TOOLONGCITY"
"EMPTYCANTONID","EMPTYCANTONID"
"EMPTYPHONENUMBER","EMPTYPHONENUMBER"
"TOOLONGPHONENUMBER","TOOLONGPHONENUMBER"
"INVALIDNICKNAME","INVALIDNICKNAME"
"INVALIDEMAIL","INVALIDEMAIL"
"INVALIDSTREETNR","INVALIDSTREETNR"
"INVALIDZIPCODE","INVALIDZIPCODE"
"INVALIDPHONENUMBER","INVALIDPHONENUMBER"
"EMPTYPASSWORD","EMPTYPASSWORD"
"COMPANYDETAILSNOTFULL","COMPANYDETAILSNOTFULL"
"TOOLONGCOMPANYNAME","TOOLONGCOMPANYNAME"
"TOOLONGCOMPANYVATNUMBER","TOOLONGCOMPANYVATNUMBER"
"TOOLONGCOMPANYREGISTRYNUMBER","TOOLONGCOMPANYREGISTRYNUMBER"
"INVALIDVALIDATIONKEY","INVALIDVALIDATIONKEY"
"UNABLETOVALIDATE","UNABLETOVALIDATE"
"MAXNUMBEROFCALLSTOAUTOMATICALLYVALIDATEUSERINFORMATION","MAXNUMBEROFCALLSTOAUTOMATICALLYVALIDATEUSERINFORMATION"
"EMPTYSTREETNR","EMPTYSTREETNR"
"NOTCARDEALER","NOTCARDEALER"
"PASSWORDCOMPLEXITY","PASSWORDCOMPLEXITY"
"UNABLETOUPDATE","UNABLETOUPDATE"
"EMPTYNEWEMAIL","EMPTYNEWEMAIL"
"EMPTYNEWNICK","EMPTYNEWNICK"
"VALIDATIONKEYEXPIRED","VALIDATIONKEYEXPIRED"
"TOOMANYPREMIUMPACKAGES","TOOMANYPREMIUMPACKAGES"
"CARDPAYMENTOPTIONNOTAVAILABLE","CARDPAYMENTOPTIONNOTAVAILABLE"
"CUSTOMERBANNED","CUSTOMERBANNED"
"BUYERNOTFROMCHORLI","BUYERNOTFROMCHORLI"
"BUYERNORDVNORAC","BUYERNORDVNORAC"
"EMPTYCUSTOMERINFOS","EMPTYCUSTOMERINFOS"
"EMPTYMEMBERPREFERENCES","EMPTYMEMBERPREFERENCES"
"EMPTYADDRESSES","EMPTYADDRESSES"
"UNABLETOINSERT","UNABLETOINSERT"
"CREDITLIMITEXCEEDED","CREDITLIMITEXCEEDED"
"ACTIVATIONCODESTATUSMANUALLYBLOCKED","ACTIVATIONCODESTATUSMANUALLYBLOCKED"

"No Options because API not configured","No Options because API not configured"
"Security error occurred with the ricardo API. Please, check your log files and your <a href=""%s"">API configuration</a>.", "Security error occurred with the ricardo API. Please, check your log files and your <a href=""%s"">API configuration</a>."
"Security error occurred with the ricardo API. Please, check your log files.", "Security error occurred with the ricardo API. Please, check your log files."
"Error occurred with the API. Check if the API is correctly configured: %s","Error occurred with the API. Check if the API is correctly configured: %s"